{"cameraMode":{"drawMode":0,"name":"Shaded","section":"Shading Mode"},"sceneLighting":false,"audioPlay":false,"sceneViewState":{"showFog":true,"showMaterialUpdate":false,"showSkybox":false,"showFlares":true,"showImageEffects":true,"showParticleSystems":true},"in2DMode":false,"pivot":{"x":1.2534725666046143,"y":-1.2189714908599854,"z":-3.2942864894866945},"rotation":{"x":-0.05096829682588577,"y":0.020371953025460244,"z":0.0010529670398682356,"w":0.9985153079032898},"size":0.12247449159622193,"orthographic":false}