{"cameraMode":{"drawMode":0,"name":"Shaded","section":"Shading Mode"},"sceneLighting":true,"audioPlay":false,"sceneViewState":{"showFog":true,"showMaterialUpdate":false,"showSkybox":true,"showFlares":true,"showImageEffects":true,"showParticleSystems":true},"in2DMode":false,"pivot":{"x":3.8131442070007326,"y":1.1897255182266236,"z":-5.7151336669921879},"rotation":{"x":-0.00003599909177864902,"y":0.9999235272407532,"z":-0.002999779535457492,"w":-0.01199965737760067},"size":19.154375076293947,"orthographic":false}